{
 "actions": [],
 "allow_rename": 1,
 "creation": "2024-11-27 09:30:54.977233",
 "doctype": "DocType",
 "editable_grid": 1,
 "engine": "InnoDB",
 "field_order": [
  "section_break_ps2x"
 ],
 "fields": [
  {
   "fieldname": "section_break_ps2x",
   "fieldtype": "Section Break"
  }
 ],
 "index_web_pages_for_search": 1,
 "istable": 1,
 "links": [],
 "modified": "2024-11-27 09:30:54.977233",
 "modified_by": "Administrator",
 "module": "Airplane Mode",
 "name": "Tenant Details",
 "owner": "Administrator",
 "permissions": [],
 "sort_field": "creation",
 "sort_order": "DESC",
 "states": []
}