{
 "actions": [],
 "allow_rename": 1,
 "creation": "2024-11-12 00:02:52.951292",
 "doctype": "DocType",
 "editable_grid": 1,
 "engine": "InnoDB",
 "field_order": [
  "name1",
  "role"
 ],
 "fields": [
  {
   "fieldname": "name1",
   "fieldtype": "Link",
   "in_list_view": 1,
   "label": "Name",
   "options": "Crew Member",
   "reqd": 1
  },
  {
   "fetch_from": "name1.role",
   "fieldname": "role",
   "fieldtype": "Data",
   "in_list_view": 1,
   "label": "Role",
   "reqd": 1
  }
 ],
 "index_web_pages_for_search": 1,
 "istable": 1,
 "links": [],
 "modified": "2024-11-12 00:03:53.890041",
 "modified_by": "Administrator",
 "module": "Airplane Mode",
 "name": "Crew Member in Flight",
 "owner": "Administrator",
 "permissions": [],
 "sort_field": "creation",
 "sort_order": "DESC",
 "states": []
}