{
 "actions": [],
 "allow_rename": 1,
 "creation": "2024-10-15 07:29:00.132097",
 "doctype": "DocType",
 "editable_grid": 1,
 "engine": "InnoDB",
 "field_order": [
  "item",
  "amount"
 ],
 "fields": [
  {
   "fieldname": "item",
   "fieldtype": "Link",
   "in_list_view": 1,
   "label": "Item",
   "options": "Airplane Ticket Add-On Type"
  },
  {
   "default": "0",
   "fieldname": "amount",
   "fieldtype": "Currency",
   "in_list_view": 1,
   "label": "Amount"
  }
 ],
 "index_web_pages_for_search": 1,
 "istable": 1,
 "links": [],
 "modified": "2024-10-15 07:32:07.877893",
 "modified_by": "Administrator",
 "module": "Airplane Mode",
 "name": "Airplane Ticket Add-on Item",
 "owner": "Administrator",
 "permissions": [],
 "sort_field": "modified",
 "sort_order": "DESC",
 "states": []
}