{
 "attach_print": 0,
 "channel": "System Notification",
 "condition": "doc.status == \"Scheduled\"",
 "creation": "2024-10-15 19:11:19.666100",
 "date_changed": "date_of_departure",
 "days_in_advance": 1,
 "docstatus": 0,
 "doctype": "Notification",
 "document_type": "Airplane Flight",
 "enabled": 1,
 "event": "Days Before",
 "idx": 0,
 "is_standard": 1,
 "message": "<p>Add your message here</p>\n",
 "message_type": "Markdown",
 "modified": "2024-10-16 09:48:00.982700",
 "modified_by": "Administrator",
 "module": "Airplane Mode",
 "name": "Flight boraded notification",
 "owner": "Administrator",
 "recipients": [
  {
   "receiver_by_role": "System Manager"
  }
 ],
 "send_system_notification": 0,
 "send_to_all_assignees": 0,
 "subject": "Reminder You flight will boarded in next 24 hr!"
}